{
  "strict": {
    "text-font-family": "roboto-regular"
  },
  "components": {
    "StatusBar": {
      "meta": {
        "scope": "mobile",
        "parameters": {
          "barStyle": {
            "type": "string"
          },
          "backgroundColor": {
            "type": "string"
          }
        },
        "appearances": {
          "default": {
            "default": true
          }
        },
        "variantGroups": {},
        "states": {}
      },
      "appearances": {
        "default": {
          "mapping": {
            "barStyle": "light-content",
            "backgroundColor": "color-primary-700"
          }
        }
      }
    },
    "SafeAreaLayout": {
      "meta": {
        "scope": "mobile",
        "parameters": {
          "backgroundColor": {
            "type": "string"
          }
        },
        "appearances": {
          "default": {
            "default": true
          }
        },
        "variantGroups": {
          "insets": {
            "top": {
              "default": false
            },
            "bottom": {
              "default": false
            }
          }
        },
        "states": {}
      },
      "appearances": {
        "default": {
          "mapping": {},
          "variantGroups": {
            "position": {
              "top": {
                "backgroundColor": "color-primary-700"
              },
              "bottom": {
                "backgroundColor": "background-basic-color-1"
              }
            }
          }
        }
      }
    }
  }
}
