{
  "images" : [
    {
      "size" : "20x20",
      "idiom" : "iphone",
      "filename" : "40.png",
      "scale" : "2x"
    },
    {
      "size" : "20x20",
      "idiom" : "iphone",
      "filename" : "60.png",
      "scale" : "3x"
    },
    {
      "size" : "29x29",
      "idiom" : "iphone",
      "filename" : "29.png",
      "scale" : "1x"
    },
    {
      "size" : "29x29",
      "idiom" : "iphone",
      "filename" : "58.png",
      "scale" : "2x"
    },
    {
      "size" : "29x29",
      "idiom" : "iphone",
      "filename" : "87.png",
      "scale" : "3x"
    },
    {
      "size" : "40x40",
      "idiom" : "iphone",
      "filename" : "80.png",
      "scale" : "2x"
    },
    {
      "size" : "40x40",
      "idiom" : "iphone",
      "filename" : "120.png",
      "scale" : "3x"
    },
    {
      "size" : "57x57",
      "idiom" : "iphone",
      "filename" : "57.png",
      "scale" : "1x"
    },
    {
      "size" : "57x57",
      "idiom" : "iphone",
      "filename" : "114.png",
      "scale" : "2x"
    },
    {
      "size" : "60x60",
      "idiom" : "iphone",
      "filename" : "120.png",
      "scale" : "2x"
    },
    {
      "size" : "60x60",
      "idiom" : "iphone",
      "filename" : "180.png",
      "scale" : "3x"
    },
    {
      "size" : "1024x1024",
      "idiom" : "ios-marketing",
      "filename" : "1024.png",
      "scale" : "1x"
    },
    {
      "size" : "16x16",
      "idiom" : "mac",
      "filename" : "16.png",
      "scale" : "1x"
    },
    {
      "size" : "16x16",
      "idiom" : "mac",
      "filename" : "32.png",
      "scale" : "2x"
    },
    {
      "size" : "32x32",
      "idiom" : "mac",
      "filename" : "32.png",
      "scale" : "1x"
    },
    {
      "size" : "32x32",
      "idiom" : "mac",
      "filename" : "64.png",
      "scale" : "2x"
    },
    {
      "size" : "128x128",
      "idiom" : "mac",
      "filename" : "128.png",
      "scale" : "1x"
    },
    {
      "size" : "128x128",
      "idiom" : "mac",
      "filename" : "256.png",
      "scale" : "2x"
    },
    {
      "size" : "256x256",
      "idiom" : "mac",
      "filename" : "256.png",
      "scale" : "1x"
    },
    {
      "size" : "256x256",
      "idiom" : "mac",
      "filename" : "512.png",
      "scale" : "2x"
    },
    {
      "size" : "512x512",
      "idiom" : "mac",
      "filename" : "512.png",
      "scale" : "1x"
    },
    {
      "size" : "512x512",
      "idiom" : "mac",
      "filename" : "1024.png",
      "scale" : "2x"
    }
  ],
  "info" : {
    "version" : 1,
    "author" : "xcode"
  }
}